Product_name,Brand ,PriceWalton Laptop Tamarind ZX3701A,Walton,Tk 37950
Walton Laptop Tamarind ZX3700A,Walton,Tk 37950
Walton laptop PASSION BX3700A,Walton,Tk 38550
Walton laptop PASSION BX3700,Walton,Tk 37550
Walton laptop PRELUDE N5000A,Walton,Tk 28750
Huawei MateBook D15 ADM,Huawei,Tk 63999
Walton Laptop Intel® Core™ i7-8550U 14.0" HD 1TB HDD 8GB DDR4 Intel® UHD Graphics 620,Walton,Tk 59950
Walton Laptop PASSION BP7800,Walton,Tk 59550
Walton Laptop PASSION BX5800,Walton,Tk 51550
Walton Laptop PASSION BP5800,Walton,Tk 52550
Walton Laptop TAMARIND EX710G,Walton,Tk 70990
Walton Laptop TAMARIND EX510G,Walton,Tk 59990
Walton Laptop TAMARIND EX5800,Walton,Tk 57550
Walton Laptop TAMARIND ZX3701,Walton,Tk 36550
Walton Laptop TAMARIND ZX3700,Walton,Tk 36550
Walton Laptop PRELUDE N5001,Walton,Tk 28750
Walton Laptop PRELUDE N5000,Walton,Tk 28750
